name,num
CID000000005,1
CID000000011,2
CID000000016,3
CID000000019,4
CID000000020,5
CID000000033,6
CID000000034,7
CID000000038,8
CID000000043,9
CID000000046,10
CID000000048,11
CID000000049,12
CID000000051,13
CID000000058,14
CID000000070,15
CID000000071,16
CID000000072,17
CID000000075,18
CID000000085,19
CID000000086,20
CID000000091,21
CID000000093,22
CID000000096,23
CID000000098,24
CID000000101,25
CID000000104,26
CID000000105,27
CID000000107,28
CID000000110,29
CID000000111,30
CID000000117,31
CID000000118,32
CID000000119,33
CID000000126,34
CID000000127,35
CID000000128,36
CID000000129,37
CID000000133,38
CID000000134,39
CID000000135,40
CID000000137,41
CID000000138,42
CID000000143,43
CID000000155,44
CID000000170,45
CID000000171,46
CID000000173,47
CID000000174,48
CID000000175,49
CID000000177,50
CID000000180,51
CID000000186,52
CID000000187,53
CID000000190,54
CID000000196,55
CID000000199,56
CID000000203,57
CID000000215,58
CID000000216,59
CID000000217,60
CID000000218,61
CID000000220,62
CID000000222,63
CID000000227,64
CID000000239,65
CID000000240,66
CID000000241,67
CID000000242,68
CID000000244,69
CID000000247,70
CID000000249,71
CID000000254,72
CID000000261,73
CID000000263,74
CID000000264,75
CID000000266,76
CID000000273,77
CID000000276,78
CID000000278,79
CID000000280,80
CID000000281,81
CID000000283,82
CID000000289,83
CID000000296,84
CID000000297,85
CID000000300,86
CID000000305,87
CID000000311,88
CID000000321,89
CID000000323,90
CID000000338,91
CID000000339,92
CID000000340,93
CID000000342,94
CID000000355,95
CID000000359,96
CID000000362,97
CID000000363,98
CID000000368,99
CID000000370,100
CID000000371,101
CID000000372,102
CID000000378,103
CID000000379,104
CID000000385,105
CID000000397,106
CID000000402,107
CID000000403,108
CID000000412,109
CID000000428,110
CID000000434,111
CID000000437,112
CID000000438,113
CID000000456,114
CID000000457,115
CID000000460,116
CID000000464,117
CID000000472,118
CID000000473,119
CID000000484,120
CID000000487,121
CID000000490,122
CID000000491,123
CID000000500,124
CID000000502,125
CID000000504,126
CID000000511,127
CID000000523,128
CID000000524,129
CID000000527,130
CID000000529,131
CID000000530,132
CID000000533,133
CID000000535,134
CID000000540,135
CID000000546,136
CID000000547,137
CID000000558,138
CID000000559,139
CID000000561,140
CID000000563,141
CID000000564,142
CID000000568,143
CID000000569,144
CID000000584,145
CID000000586,146
CID000000588,147
CID000000597,148
CID000000598,149
CID000000599,150
CID000000602,151
CID000000604,152
CID000000611,153
CID000000618,154
CID000000643,155
CID000000647,156
CID000000649,157
CID000000650,158
CID000000652,159
CID000000654,160
CID000000655,161
CID000000666,162
CID000000668,163
CID000000670,164
CID000000671,165
CID000000673,166
CID000000674,167
CID000000675,168
CID000000679,169
CID000000681,170
CID000000700,171
CID000000702,172
CID000000711,173
CID000000712,174
CID000000713,175
CID000000743,176
CID000000750,177
CID000000753,178
CID000000756,179
CID000000757,180
CID000000760,181
CID000000763,182
CID000000764,183
CID000000767,184
CID000000768,185
CID000000774,186
CID000000777,187
CID000000780,188
CID000000782,189
CID000000783,190
CID000000784,191
CID000000785,192
CID000000787,193
CID000000788,194
CID000000790,195
CID000000792,196
CID000000793,197
CID000000794,198
CID000000796,199
CID000000798,200
CID000000800,201
CID000000801,202
CID000000803,203
CID000000811,204
CID000000867,205
CID000000868,206
CID000000870,207
CID000000878,208
CID000000880,209
CID000000887,210
CID000000890,211
CID000000892,212
CID000000893,213
CID000000896,214
CID000000903,215
CID000000908,216
CID000000931,217
CID000000936,218
CID000000937,219
CID000000942,220
CID000000943,221
CID000000947,222
CID000000948,223
CID000000955,224
CID000000961,225
CID000000964,226
CID000000967,227
CID000000970,228
CID000000971,229
CID000000972,230
CID000000974,231
CID000000977,232
CID000000978,233
CID000000979,234
CID000000980,235
CID000000983,236
CID000000984,237
CID000000985,238
CID000000991,239
CID000000996,240
CID000000997,241
CID000000998,242
CID000000999,243
CID000001001,244
CID000001003,245
CID000001005,246
CID000001014,247
CID000001015,248
CID000001018,249
CID000001021,250
CID000001023,251
CID000001028,252
CID000001030,253
CID000001031,254
CID000001032,255
CID000001045,256
CID000001050,257
CID000001051,258
CID000001052,259
CID000001053,260
CID000001054,261
CID000001055,262
CID000001057,263
CID000001060,264
CID000001066,265
CID000001068,266
CID000001084,267
CID000001088,268
CID000001089,269
CID000001090,270
CID000001099,271
CID000001102,272
CID000001103,273
CID000001110,274
CID000001112,275
CID000001117,276
CID000001119,277
CID000001122,278
CID000001123,279
CID000001130,280
CID000001131,281
CID000001132,282
CID000001135,283
CID000001136,284
CID000001137,285
CID000001140,286
CID000001145,287
CID000001146,288
CID000001150,289
CID000001174,290
CID000001175,291
CID000001176,292
CID000001179,293
CID000001183,294
CID000001188,295
CID000001194,296
CID000001198,297
CID000001245,298
CID000001647,299
CID000001669,300
CID000001678,301
CID000001738,302
CID000001826,303
CID000001833,304
CID000001864,305
CID000002153,306
CID000002181,307
CID000002265,308
CID000002331,309
CID000002336,310
CID000002353,311
CID000002519,312
CID000002554,313
CID000002555,314
CID000002682,315
CID000002707,316
CID000002758,317
CID000002771,318
CID000002879,319
CID000002907,320
CID000002969,321
CID000003035,322
CID000003036,323
CID000003121,324
CID000003314,325
CID000003331,326
CID000003385,327
CID000003414,328
CID000003469,329
CID000003503,330
CID000003614,331
CID000003676,332
CID000003690,333
CID000003767,334
CID000003776,335
CID000003845,336
CID000003857,337
CID000003893,338
CID000004095,339
CID000004650,340
CID000004680,341
CID000004687,342
CID000004970,343
CID000004971,344
CID000004973,345
CID000005054,346
CID000005154,347
CID000005202,348
CID000005236,349
CID000005281,350
CID000005386,351
CID000005429,352
CID000005570,353
CID000005610,354
CID000005699,355
CID000005753,356
CID000005754,357
CID000005756,358
CID000005757,359
CID000005778,360
CID000005779,361
CID000005780,362
CID000005788,363
CID000005789,364
CID000005790,365
CID000005793,366
CID000005800,367
CID000005810,368
CID000005815,369
CID000005819,370
CID000005839,371
CID000005862,372
CID000005864,373
CID000005870,374
CID000005879,375
CID000005880,376
CID000005881,377
CID000005884,378
CID000005885,379
CID000005892,380
CID000005920,381
CID000005922,382
CID000005942,383
CID000005950,384
CID000005951,385
CID000005957,386
CID000005958,387
CID000005960,388
CID000005961,389
CID000005962,390
CID000005988,391
CID000005994,392
CID000005997,393
CID000006001,394
CID000006013,395
CID000006021,396
CID000006022,397
CID000006029,398
CID000006030,399
CID000006031,400
CID000006032,401
CID000006036,402
CID000006037,403
CID000006047,404
CID000006054,405
CID000006057,406
CID000006058,407
CID000006076,408
CID000006083,409
CID000006088,410
CID000006101,411
CID000006106,412
CID000006112,413
CID000006115,414
CID000006128,415
CID000006131,416
CID000006132,417
CID000006133,418
CID000006137,419
CID000006140,420
CID000006166,421
CID000006167,422
CID000006175,423
CID000006176,424
CID000006195,425
CID000006201,426
CID000006211,427
CID000006213,428
CID000006238,429
CID000006251,430
CID000006262,431
CID000006267,432
CID000006274,433
CID000006278,434
CID000006287,435
CID000006288,436
CID000006305,437
CID000006306,438
CID000006318,439
CID000006322,440
CID000006325,441
CID000006326,442
CID000006329,443
CID000006338,444
CID000006344,445
CID000006354,446
CID000006365,447
CID000006366,448
CID000006395,449
CID000006406,450
CID000006407,451
CID000006421,452
CID000006508,453
CID000006575,454
CID000006576,455
CID000006577,456
CID000006579,457
CID000006581,458
CID000006584,459
CID000006593,460
CID000006597,461
CID000006613,462
CID000006618,463
CID000006623,464
CID000006654,465
CID000006723,466
CID000006736,467
CID000006738,468
CID000006802,469
CID000006804,470
CID000006812,471
CID000006830,472
CID000006831,473
CID000006844,474
CID000006849,475
CID000006854,476
CID000006912,477
CID000006926,478
CID000006994,479
CID000006998,480
CID000007002,481
CID000007005,482
CID000007027,483
CID000007028,484
CID000007055,485
CID000007095,486
CID000007123,487
CID000007127,488
CID000007237,489
CID000007244,490
CID000007261,491
CID000007293,492
CID000007322,493
CID000007339,494
CID000007405,495
CID000007410,496
CID000007413,497
CID000007416,498
CID000007418,499
CID000007420,500
CID000007427,501
CID000007444,502
CID000007463,503
CID000007469,504
CID000007470,505
CID000007478,506
CID000007489,507
CID000007500,508
CID000007501,509
CID000007505,510
CID000007518,511
CID000007533,512
CID000007618,513
CID000007680,514
CID000007725,515
CID000007768,516
CID000007771,517
CID000007808,518
CID000007809,519
CID000007839,520
CID000007847,521
CID000007855,522
CID000007866,523
CID000007929,524
CID000007961,525
CID000007965,526
CID000007966,527
CID000007967,528
CID000008078,529
CID000008082,530
CID000008113,531
CID000008215,532
CID000008259,533
CID000008299,534
CID000008339,535
CID000008369,536
CID000008373,537
CID000008376,538
CID000008378,539
CID000008404,540
CID000008420,541
CID000008424,542
CID000008434,543
CID000008461,544
CID000008468,545
CID000008479,546
CID000008530,547
CID000008582,548
CID000008583,549
CID000008629,550
CID000008640,551
CID000008642,552
CID000008663,553
CID000008742,554
CID000008768,555
CID000008794,556
CID000008815,557
CID000008955,558
CID000008956,559
CID000008977,560
CID000008988,561
CID000009216,562
CID000009290,563
CID000009294,564
CID000009305,565
CID000009321,566
CID000009395,567
CID000009427,568
CID000009533,569
CID000009651,570
CID000009679,571
CID000009700,572
CID000009727,573
CID000009750,574
CID000009903,575
CID000009958,576
CID000010010,577
CID000010110,578
CID000010133,579
CID000010140,580
CID000010198,581
CID000010214,582
CID000010219,583
CID000010238,584
CID000010267,585
CID000010312,586
CID000010393,587
CID000010402,588
CID000010413,589
CID000010442,590
CID000010459,591
CID000010466,592
CID000010467,593
CID000010582,594
CID000010634,595
CID000010635,596
CID000010667,597
CID000010685,598
CID000010722,599
CID000010726,600
CID000010742,601
CID000010787,602
CID000010805,603
CID000011005,604
CID000011082,605
CID000011087,606
CID000011128,607
CID000011137,608
CID000011197,609
CID000011222,610
CID000011285,611
CID000011302,612
CID000011305,613
CID000011318,614
CID000011321,615
CID000011363,616
CID000011388,617
CID000011390,618
CID000011473,619
CID000011476,620
CID000011505,621
CID000011648,622
CID000011719,623
CID000011811,624
CID000011850,625
CID000011914,626
CID000011915,627
CID000011970,628
CID000012039,629
CID000012105,630
CID000012122,631
CID000012326,632
CID000012473,633
CID000012511,634
CID000012544,635
CID000012594,636
CID000012599,637
CID000012793,638
CID000013006,639
CID000013017,640
CID000013350,641
CID000013472,642
CID000013711,643
CID000013712,644
CID000013730,645
CID000013804,646
CID000013818,647
CID000013945,648
CID000014003,649
CID000014039,650
CID000014180,651
CID000014490,652
CID000014985,653
CID000015047,654
CID000015130,655
CID000015625,656
CID000015868,657
CID000015993,658
CID000016323,659
CID000016441,660
CID000016487,661
CID000016500,662
CID000016724,663
CID000016950,664
CID000017106,665
CID000017473,666
CID000018189,667
CID000018209,668
CID000018343,669
CID000018396,670
CID000018636,671
CID000018950,672
CID000018986,673
CID000019009,674
CID000019212,675
CID000019648,676
CID000019829,677
CID000020908,678
CID000021171,679
CID000021706,680
CID000021860,681
CID000023327,682
CID000023736,683
CID000023925,684
CID000023930,685
CID000024154,686
CID000024316,687
CID000024405,688
CID000024415,689
CID000024472,690
CID000024529,691
CID000024726,692
CID000025076,693
CID000025102,694
CID000025310,695
CID000025892,696
CID000026259,697
CID000026447,698
CID000026818,699
CID000028167,700
CID000028598,701
CID000029574,702
CID000029575,703
CID000029587,704
CID000029746,705
CID000031242,706
CID000031253,707
CID000031257,708
CID000031373,709
CID000031401,710
CID000031515,711
CID000033032,712
CID000033037,713
CID000033042,714
CID000033676,715
CID000034312,716
CID000034755,717
CID000035717,718
CID000035823,719
CID000036143,720
CID000036187,721
CID000036188,722
CID000036231,723
CID000036294,724
CID000037182,725
CID000037455,726
CID000037456,727
CID000037786,728
CID000038019,729
CID000038166,730
CID000038199,731
CID000038251,732
CID000038439,733
CID000039929,734
CID000040479,735
CID000041211,736
CID000041322,737
CID000041634,738
CID000041774,739
CID000042128,740
CID000042540,741
CID000044257,742
CID000047289,743
CID000047650,744
CID000050591,745
CID000050891,746
CID000051043,747
CID000051130,748
CID000051683,749
CID000053036,750
CID000057449,751
CID000060837,752
CID000060953,753
CID000060961,754
CID000061020,755
CID000061503,756
CID000062223,757
CID000062348,758
CID000062453,759
CID000063090,760
CID000064689,761
CID000064959,762
CID000064968,763
CID000064969,764
CID000065058,765
CID000065059,766
CID000065063,767
CID000065065,768
CID000065070,769
CID000065074,770
CID000065076,771
CID000065091,772
CID000065094,773
CID000065103,774
CID000065110,775
CID000065127,776
CID000065252,777
CID000065253,778
CID000065359,779
CID000065369,780
CID000065517,781
CID000065523,782
CID000065533,783
CID000065536,784
CID000065542,785
CID000065554,786
CID000065728,787
CID000066370,788
CID000066414,789
CID000066416,790
CID000066535,791
CID000066762,792
CID000066827,793
CID000067678,794
CID000068144,795
CID000068148,796
CID000068152,797
CID000068161,798
CID000068271,799
CID000068313,800
CID000068340,801
CID000068374,802
CID000068490,803
CID000068499,804
CID000068570,805
CID000068759,806
CID000068841,807
CID000069212,808
CID000069217,809
CID000069371,810
CID000069602,811
CID000069698,812
CID000069726,813
CID000070639,814
CID000070703,815
CID000070758,816
CID000070914,817
CID000070949,818
CID000071077,819
CID000071082,820
CID000071120,821
CID000071567,822
CID000071602,823
CID000071724,824
CID000072301,825
CID000072309,826
CID000072378,827
CID000072392,828
CID000072394,829
CID000072395,830
CID000072396,831
CID000072423,832
CID000072886,833
CID000072924,834
CID000073145,835
CID000073170,836
CID000073323,837
CID000073491,838
CID000073563,839
CID000074128,840
CID000074688,841
CID000074839,842
CID000075049,843
CID000075704,844
CID000075810,845
CID000076230,846
CID000076406,847
CID000076543,848
CID000079014,849
CID000079038,850
CID000079129,851
CID000079437,852
CID000080220,853
CID000080283,854
CID000080801,855
CID000082400,856
CID000083833,857
CID000083852,858
CID000083863,859
CID000083887,860
CID000085782,861
CID000086492,862
CID000086962,863
CID000087642,864
CID000087833,865
CID000087916,866
CID000088052,867
CID000088299,868
CID000089594,869
CID000089954,870
CID000091443,871
CID000091477,872
CID000091486,873
CID000091493,874
CID000091528,875
CID000091531,876
CID000091552,877
CID000091580,878
CID000091611,879
CID000091619,880
CID000092094,881
CID000092097,882
CID000092110,883
CID000092133,884
CID000092135,885
CID000092136,886
CID000092150,887
CID000092153,888
CID000092155,889
CID000092180,890
CID000092258,891
CID000092283,892
CID000092729,893
CID000092745,894
CID000092746,895
CID000092753,896
CID000092786,897
CID000092805,898
CID000092810,899
CID000092824,900
CID000092832,901
CID000092851,902
CID000092886,903
CID000093072,904
CID000094140,905
CID000094141,906
CID000094154,907
CID000094221,908
CID000094715,909
CID000095155,910
CID000096215,911
CID000096356,912
CID000097165,913
CID000097588,914
CID000098792,915
CID000099289,916
CID000099290,917
CID000099303,918
CID000099456,919
CID000099470,920
CID000099478,921
CID000099735,922
CID000100221,923
CID000101184,924
CID000101399,925
CID000101543,926
CID000101615,927
CID000101690,928
CID000101770,929
CID000101771,930
CID000101788,931
CID000102030,932
CID000104756,933
CID000104757,934
CID000104842,935
CID000104856,936
CID000104896,937
CID000104940,938
CID000105021,939
CID000105024,940
CID000105074,941
CID000105131,942
CID000107541,943
CID000107689,944
CID000107722,945
CID000107737,946
CID000107744,947
CID000107758,948
CID000107812,949
CID000108012,950
CID000108081,951
CID000108121,952
CID000108192,953
CID000108214,954
CID000112071,955
CID000114683,956
CID000114833,957
CID000114857,958
CID000114861,959
CID000114935,960
CID000115015,961
CID000115084,962
CID000115098,963
CID000115196,964
CID000115254,965
CID000115255,966
CID000119033,967
CID000119055,968
CID000119219,969
CID000119400,970
CID000119405,971
CID000119412,972
CID000119521,973
CID000121396,974
CID000121885,975
CID000121893,976
CID000121920,977
CID000121935,978
CID000121947,979
CID000121948,980
CID000121966,981
CID000121969,982
CID000121991,983
CID000121997,984
CID000122121,985
CID000122250,986
CID000122283,987
CID000122336,988
CID000122340,989
CID000122347,990
CID000122356,991
CID000122357,992
CID000123658,993
CID000123727,994
CID000123743,995
CID000123762,996
CID000123865,997
CID000123895,998
CID000123938,999
CID000123991,1000
CID000123996,1001
CID000124143,1002
CID000124886,1003
CID000126041,1004
CID000127115,1005
CID000127370,1006
CID000127601,1007
CID000128419,1008
CID000128869,1009
CID000128888,1010
CID000128973,1011
CID000129274,1012
CID000129297,1013
CID000130805,1014
CID000131204,1015
CID000133246,1016
CID000134459,1017
CID000134466,1018
CID000134490,1019
CID000134970,1020
CID000135191,1021
CID000135243,1022
CID000145068,1023
CID000145729,1024
CID000145742,1025
CID000145815,1026
CID000146302,1027
CID000146903,1028
CID000147004,1029
CID000147311,1030
CID000148196,1031
CID000150833,1032
CID000150841,1033
CID000150855,1034
CID000150856,1035
CID000150891,1036
CID000151066,1037
CID000151104,1038
CID000151187,1039
CID000151228,1040
CID000151244,1041
CID000151276,1042
CID000151426,1043
CID000151438,1044
CID000151725,1045
CID000151926,1046
CID000152306,1047
CID000152441,1048
CID000152657,1049
CID000154417,1050
CID000155957,1051
CID000156652,1052
CID000158980,1053
CID000159278,1054
CID000159296,1055
CID000159911,1056
CID000160139,1057
CID000160226,1058
CID000160433,1059
CID000160487,1060
CID000160499,1061
CID000160500,1062
CID000160520,1063
CID000160531,1064
CID000160556,1065
CID000160603,1066
CID000160617,1067
CID000160636,1068
CID000160647,1069
CID000160666,1070
CID000160913,1071
CID000161165,1072
CID000161214,1073
CID000161227,1074
CID000161233,1075
CID000161255,1076
CID000161276,1077
CID000161355,1078
CID000161500,1079
CID000161597,1080
CID000161824,1081
CID000161937,1082
CID000162180,1083
CID000162204,1084
CID000162350,1085
CID000162602,1086
CID000162976,1087
CID000164628,1088
CID000164673,1089
CID000164674,1090
CID000164697,1091
CID000164719,1092
CID000164735,1093
CID000164800,1094
CID000164838,1095
CID000164853,1096
CID000164874,1097
CID000165003,1098
CID000165007,1099
CID000165130,1100
CID000165186,1101
CID000165271,1102
CID000165331,1103
CID000165381,1104
CID000165388,1105
CID000165390,1106
CID000165435,1107
CID000165436,1108
CID000165490,1109
CID000165511,1110
CID000165620,1111
CID000166760,1112
CID000167489,1113
CID000167685,1114
CID000167759,1115
CID000167775,1116
CID000168166,1117
CID000168718,1118
CID000168934,1119
CID000168951,1120
CID000168989,1121
CID000169075,1122
CID000169508,1123
CID000169621,1124
CID000169732,1125
CID000171161,1126
CID000171548,1127
CID000172312,1128
CID000173183,1129
CID000173719,1130
CID000174174,1131
CID000174549,1132
CID000176951,1133
CID000181740,1134
CID000183009,1135
CID000186004,1136
CID000187790,1137
CID000188288,1138
CID000188960,1139
CID000188966,1140
CID000188984,1141
CID000189003,1142
CID000189062,1143
CID000189122,1144
CID000191190,1145
CID000192735,1146
CID000192781,1147
CID000192878,1148
CID000193002,1149
CID000193187,1150
CID000193305,1151
CID000193321,1152
CID000193396,1153
CID000193425,1154
CID000193475,1155
CID000193524,1156
CID000193537,1157
CID000193545,1158
CID000193577,1159
CID000193735,1160
CID000193886,1161
CID000194139,1162
CID000194140,1163
CID000194428,1164
CID000194695,1165
CID000196146,1166
CID000196427,1167
CID000197189,1168
CID000201434,1169
CID000203442,1170
CID000219833,1171
CID000221493,1172
CID000222284,1173
CID000222528,1174
CID000222656,1175
CID000222786,1176
CID000222865,1177
CID000223997,1178
CID000225936,1179
CID000228215,1180
CID000244872,1181
CID000246873,1182
CID000246983,1183
CID000247304,1184
CID000250388,1185
CID000252379,1186
CID000259846,1187
CID000275196,1188
CID000330573,1189
CID000348154,1190
CID000351795,1191
CID000369312,1192
CID000387316,1193
CID000398937,1194
CID000439153,1195
CID000439155,1196
CID000439160,1197
CID000439162,1198
CID000439163,1199
CID000439167,1200
CID000439168,1201
CID000439174,1202
CID000439175,1203
CID000439176,1204
CID000439178,1205
CID000439183,1206
CID000439184,1207
CID000439186,1208
CID000439190,1209
CID000439191,1210
CID000439192,1211
CID000439193,1212
CID000439194,1213
CID000439195,1214
CID000439197,1215
CID000439203,1216
CID000439204,1217
CID000439205,1218
CID000439213,1219
CID000439215,1220
CID000439216,1221
CID000439220,1222
CID000439227,1223
CID000439231,1224
CID000439232,1225
CID000439233,1226
CID000439235,1227
CID000439236,1228
CID000439237,1229
CID000439240,1230
CID000439242,1231
CID000439244,1232
CID000439245,1233
CID000439249,1234
CID000439250,1235
CID000439251,1236
CID000439255,1237
CID000439258,1238
CID000439260,1239
CID000439264,1240
CID000439269,1241
CID000439273,1242
CID000439276,1243
CID000439278,1244
CID000439279,1245
CID000439280,1246
CID000439281,1247
CID000439283,1248
CID000439284,1249
CID000439285,1250
CID000439286,1251
CID000439288,1252
CID000439290,1253
CID000439292,1254
CID000439294,1255
CID000439296,1256
CID000439303,1257
CID000439312,1258
CID000439314,1259
CID000439315,1260
CID000439316,1261
CID000439319,1262
CID000439322,1263
CID000439343,1264
CID000439350,1265
CID000439351,1266
CID000439357,1267
CID000439373,1268
CID000439375,1269
CID000439376,1270
CID000439377,1271
CID000439383,1272
CID000439389,1273
CID000439394,1274
CID000439399,1275
CID000439402,1276
CID000439406,1277
CID000439408,1278
CID000439415,1279
CID000439423,1280
CID000439424,1281
CID000439427,1282
CID000439430,1283
CID000439432,1284
CID000439434,1285
CID000439436,1286
CID000439440,1287
CID000439444,1288
CID000439446,1289
CID000439450,1290
CID000439452,1291
CID000439455,1292
CID000439456,1293
CID000439459,1294
CID000439460,1295
CID000439463,1296
CID000439464,1297
CID000439467,1298
CID000439468,1299
CID000439476,1300
CID000439479,1301
CID000439488,1302
CID000439498,1303
CID000439503,1304
CID000439507,1305
CID000439508,1306
CID000439514,1307
CID000439531,1308
CID000439536,1309
CID000439544,1310
CID000439545,1311
CID000439555,1312
CID000439572,1313
CID000439577,1314
CID000439583,1315
CID000439616,1316
CID000439620,1317
CID000439645,1318
CID000439653,1319
CID000439659,1320
CID000439664,1321
CID000439681,1322
CID000439692,1323
CID000439694,1324
CID000439695,1325
CID000439700,1326
CID000439709,1327
CID000439711,1328
CID000439713,1329
CID000439714,1330
CID000439716,1331
CID000439723,1332
CID000439743,1333
CID000439744,1334
CID000439750,1335
CID000439762,1336
CID000439766,1337
CID000439774,1338
CID000439781,1339
CID000439788,1340
CID000439791,1341
CID000439811,1342
CID000439833,1343
CID000439853,1344
CID000439874,1345
CID000439886,1346
CID000439904,1347
CID000439905,1348
CID000439912,1349
CID000439924,1350
CID000439939,1351
CID000439945,1352
CID000439954,1353
CID000439963,1354
CID000439968,1355
CID000440000,1356
CID000440001,1357
CID000440014,1358
CID000440018,1359
CID000440020,1360
CID000440033,1361
CID000440035,1362
CID000440041,1363
CID000440043,1364
CID000440046,1365
CID000440064,1366
CID000440077,1367
CID000440098,1368
CID000440104,1369
CID000440113,1370
CID000440114,1371
CID000440117,1372
CID000440120,1373
CID000440143,1374
CID000440162,1375
CID000440179,1376
CID000440189,1377
CID000440194,1378
CID000440211,1379
CID000440217,1380
CID000440236,1381
CID000440237,1382
CID000440294,1383
CID000440303,1384
CID000440304,1385
CID000440311,1386
CID000440314,1387
CID000440349,1388
CID000440364,1389
CID000440368,1390
CID000440371,1391
CID000440376,1392
CID000440377,1393
CID000440384,1394
CID000440385,1395
CID000440388,1396
CID000440390,1397
CID000440399,1398
CID000440431,1399
CID000440460,1400
CID000440470,1401
CID000440474,1402
CID000440483,1403
CID000440558,1404
CID000440559,1405
CID000440560,1406
CID000440568,1407
CID000440573,1408
CID000440575,1409
CID000440583,1410
CID000440584,1411
CID000440586,1412
CID000440623,1413
CID000440624,1414
CID000440625,1415
CID000440641,1416
CID000440649,1417
CID000440654,1418
CID000440658,1419
CID000440667,1420
CID000440670,1421
CID000440694,1422
CID000440707,1423
CID000440708,1424
CID000440709,1425
CID000440717,1426
CID000440721,1427
CID000440722,1428
CID000440723,1429
CID000440726,1430
CID000440728,1431
CID000440729,1432
CID000440741,1433
CID000440752,1434
CID000440756,1435
CID000440764,1436
CID000440773,1437
CID000440775,1438
CID000440776,1439
CID000440810,1440
CID000440840,1441
CID000440843,1442
CID000440847,1443
CID000440848,1444
CID000440850,1445
CID000440854,1446
CID000440863,1447
CID000440867,1448
CID000440873,1449
CID000440901,1450
CID000440917,1451
CID000440918,1452
CID000440927,1453
CID000440932,1454
CID000440936,1455
CID000440938,1456
CID000440940,1457
CID000440946,1458
CID000440961,1459
CID000440962,1460
CID000440969,1461
CID000440983,1462
CID000440985,1463
CID000440996,1464
CID000440997,1465
CID000441005,1466
CID000441021,1467
CID000441066,1468
CID000441069,1469
CID000441084,1470
CID000441096,1471
CID000441109,1472
CID000441110,1473
CID000441128,1474
CID000441133,1475
CID000441164,1476
CID000441201,1477
CID000441202,1478
CID000441209,1479
CID000441257,1480
CID000441259,1481
CID000441302,1482
CID000441328,1483
CID000441449,1484
CID000441455,1485
CID000441467,1486
CID000441593,1487
CID000441696,1488
CID000442163,1489
CID000442330,1490
CID000442393,1491
CID000442495,1492
CID000443135,1493
CID000443142,1494
CID000443154,1495
CID000443158,1496
CID000443178,1497
CID000443201,1498
CID000443210,1499
CID000443211,1500
CID000443212,1501
CID000443233,1502
CID000443237,1503
CID000443242,1504
CID000443243,1505
CID000443250,1506
CID000443266,1507
CID000443421,1508
CID000443429,1509
CID000443628,1510
CID000443629,1511
CID000443709,1512
CID000443710,1513
CID000443736,1514
CID000443765,1515
CID000443848,1516
CID000443849,1517
CID000443861,1518
CID000444150,1519
CID000444183,1520
CID000444212,1521
CID000444266,1522
CID000444331,1523
CID000444485,1524
CID000444493,1525
CID000444539,1526
CID000444679,1527
CID000444795,1528
CID000444899,1529
CID000444972,1530
CID000445049,1531
CID000445070,1532
CID000445127,1533
CID000445344,1534
CID000445354,1535
CID000445580,1536
CID000445638,1537
CID000445639,1538
CID000445675,1539
CID000445713,1540
CID000445794,1541
CID000445805,1542
CID000445858,1543
CID000445995,1544
CID000446013,1545
CID000446220,1546
CID000446284,1547
CID000446357,1548
CID000446570,1549
CID000446798,1550
CID000446834,1551
CID000447123,1552
CID000447145,1553
CID000447152,1554
CID000447277,1555
CID000447765,1556
CID000448209,1557
CID000448348,1558
CID000448457,1559
CID000448839,1560
CID000449043,1561
CID000449093,1562
CID000449118,1563
CID000449171,1564
CID000449304,1565
CID000449459,1566
CID000449517,1567
CID000449534,1568
CID000449538,1569
CID000479503,1570
CID000493570,1571
CID000579061,1572
CID000597195,1573
CID000637511,1574
CID000637540,1575
CID000637541,1576
CID000637542,1577
CID000637563,1578
CID000637566,1579
CID000637775,1580
CID000637776,1581
CID000638011,1582
CID000638015,1583
CID000638024,1584
CID000638072,1585
CID000638129,1586
CID000638186,1587
CID000641301,1588
CID000643327,1589
CID000643757,1590
CID000643794,1591
CID000643798,1592
CID000643820,1593
CID000643833,1594
CID000643941,1595
CID000643975,1596
CID000643976,1597
CID000644020,1598
CID000644066,1599
CID000644101,1600
CID000644109,1601
CID000644110,1602
CID000644260,1603
CID000656496,1604
CID000656497,1605
CID000656506,1606
CID000656516,1607
CID000656524,1608
CID000656534,1609
CID000656538,1610
CID000656567,1611
CID000667490,1612
CID000683563,1613
CID000688084,1614
CID000688100,1615
CID000688597,1616
CID000689043,1617
CID000736715,1618
CID000853433,1619
CID001549095,1620
CID001549097,1621
CID001751483,1622
CID001794426,1623
CID002723601,1624
CID002724360,1625
CID002724505,1626
CID002733525,1627
CID003001028,1628
CID003015693,1629
CID003031829,1630
CID003032417,1631
CID003032849,1632
CID003033895,1633
CID003034391,1634
CID003034646,1635
CID003035456,1636
CID003036580,1637
CID003036760,1638
CID003036914,1639
CID003036931,1640
CID003037042,1641
CID003037582,1642
CID003080558,1643
CID003080603,1644
CID003080609,1645
CID003080625,1646
CID003081084,1647
CID003081085,1648
CID003081383,1649
CID003081384,1650
CID003081439,1651
CID003081544,1652
CID003081958,1653
CID003081970,1654
CID003082032,1655
CID003082089,1656
CID003082140,1657
CID003082152,1658
CID003082227,1659
CID003086191,1660
CID003246006,1661
CID003246323,1662
CID003295299,1663
CID003505109,1664
CID003731686,1665
CID004369587,1666
CID004660280,1667
CID005275507,1668
CID005275508,1669
CID005275520,1670
CID005280335,1671
CID005280343,1672
CID005280344,1673
CID005280346,1674
CID005280352,1675
CID005280353,1676
CID005280360,1677
CID005280361,1678
CID005280362,1679
CID005280363,1680
CID005280366,1681
CID005280372,1682
CID005280374,1683
CID005280382,1684
CID005280383,1685
CID005280385,1686
CID005280389,1687
CID005280393,1688
CID005280398,1689
CID005280411,1690
CID005280413,1691
CID005280417,1692
CID005280427,1693
CID005280441,1694
CID005280442,1695
CID005280443,1696
CID005280445,1697
CID005280450,1698
CID005280451,1699
CID005280453,1700
CID005280458,1701
CID005280459,1702
CID005280460,1703
CID005280473,1704
CID005280483,1705
CID005280489,1706
CID005280490,1707
CID005280492,1708
CID005280493,1709
CID005280494,1710
CID005280497,1711
CID005280500,1712
CID005280507,1713
CID005280516,1714
CID005280523,1715
CID005280531,1716
CID005280535,1717
CID005280536,1718
CID005280555,1719
CID005280581,1720
CID005280585,1721
CID005280589,1722
CID005280595,1723
CID005280598,1724
CID005280613,1725
CID005280625,1726
CID005280637,1727
CID005280644,1728
CID005280650,1729
CID005280651,1730
CID005280666,1731
CID005280673,1732
CID005280679,1733
CID005280681,1734
CID005280682,1735
CID005280688,1736
CID005280691,1737
CID005280700,1738
CID005280701,1739
CID005280709,1740
CID005280720,1741
CID005280724,1742
CID005280729,1743
CID005280733,1744
CID005280745,1745
CID005280746,1746
CID005280760,1747
CID005280776,1748
CID005280778,1749
CID005280793,1750
CID005280794,1751
CID005280795,1752
CID005280801,1753
CID005280802,1754
CID005280804,1755
CID005280805,1756
CID005280816,1757
CID005280817,1758
CID005280818,1759
CID005280819,1760
CID005280826,1761
CID005280827,1762
CID005280828,1763
CID005280829,1764
CID005280831,1765
CID005280832,1766
CID005280834,1767
CID005280835,1768
CID005280836,1769
CID005280837,1770
CID005280839,1771
CID005280845,1772
CID005280863,1773
CID005280865,1774
CID005280876,1775
CID005280877,1776
CID005280878,1777
CID005280879,1778
CID005280880,1779
CID005280881,1780
CID005280883,1781
CID005280884,1782
CID005280885,1783
CID005280886,1784
CID005280888,1785
CID005280889,1786
CID005280890,1787
CID005280892,1788
CID005280893,1789
CID005280906,1790
CID005280911,1791
CID005280914,1792
CID005280915,1793
CID005280930,1794
CID005280933,1795
CID005280934,1796
CID005280981,1797
CID005281116,1798
CID005281120,1799
CID005281128,1800
CID005281166,1801
CID005281167,1802
CID005281326,1803
CID005281327,1804
CID005281426,1805
CID005281517,1806
CID005281519,1807
CID005281520,1808
CID005281523,1809
CID005281666,1810
CID005281672,1811
CID005281792,1812
CID005281796,1813
CID005281871,1814
CID005281877,1815
CID005281929,1816
CID005281953,1817
CID005281957,1818
CID005281994,1819
CID005282094,1820
CID005282095,1821
CID005282096,1822
CID005282102,1823
CID005282146,1824
CID005282150,1825
CID005282152,1826
CID005282154,1827
CID005282155,1828
CID005282263,1829
CID005282350,1830
CID005282768,1831
CID005282922,1832
CID005283028,1833
CID005283146,1834
CID005283147,1835
CID005283154,1836
CID005283155,1837
CID005283156,1838
CID005283157,1839
CID005283159,1840
CID005283162,1841
CID005283163,1842
CID005283168,1843
CID005283170,1844
CID005283202,1845
CID005283203,1846
CID005283204,1847
CID005283205,1848
CID005283208,1849
CID005283209,1850
CID005283210,1851
CID005283211,1852
CID005283544,1853
CID005283546,1854
CID005283560,1855
CID005283731,1856
CID005283820,1857
CID005283821,1858
CID005283827,1859
CID005283831,1860
CID005283845,1861
CID005283851,1862
CID005283852,1863
CID005283853,1864
CID005283882,1865
CID005283886,1866
CID005283892,1867
CID005284270,1868
CID005284271,1869
CID005284371,1870
CID005287432,1871
CID005287787,1872
CID005288826,1873
CID005289090,1874
CID005311211,1875
CID005312508,1876
CID005312529,1877
CID005312830,1878
CID005312889,1879
CID005316673,1880
CID005316860,1881
CID005323510,1882
CID005324289,1883
CID005326566,1884
CID005326875,1885
CID005360621,1886
CID005363137,1887
CID005363388,1888
CID005371769,1889
CID005380876,1890
CID005408233,1891
CID005459784,1892
CID005459802,1893
CID005459811,1894
CID005459812,1895
CID005459823,1896
CID005459829,1897
CID005459849,1898
CID005459910,1899
CID005459948,1900
CID005459988,1901
CID005460020,1902
CID005460041,1903
CID005460042,1904
CID005460049,1905
CID005460056,1906
CID005460143,1907
CID005460171,1908
CID005460191,1909
CID005460331,1910
CID005460407,1911
CID005460412,1912
CID005460444,1913
CID005460448,1914
CID005460659,1915
CID005460671,1916
CID005461055,1917
CID005461146,1918
CID005462190,1919
CID005462210,1920
CID005462234,1921
CID005462235,1922
CID005462244,1923
CID005462261,1924
CID005462266,1925
CID005462303,1926
CID005462306,1927
CID005462314,1928
CID005462508,1929
CID005483640,1930
CID005484731,1931
CID005489029,1932
CID005496796,1933
CID005497111,1934
CID005497112,1935
CID005497113,1936
CID005497123,1937
CID005497143,1938
CID005497181,1939
CID006324616,1940
CID006337958,1941
CID006365330,1942
CID006378383,1943
CID006400657,1944
CID006430107,1945
CID006436082,1946
CID006436726,1947
CID006437063,1948
CID006437068,1949
CID006438372,1950
CID006438629,1951
CID006439848,1952
CID006439873,1953
CID006440013,1954
CID006440982,1955
CID006441679,1956
CID006443013,1957
CID006443760,1958
CID006443777,1959
CID006444037,1960
CID006446027,1961
CID006447533,1962
CID006449797,1963
CID006450029,1964
CID006451493,1965
CID006453841,1966
CID006476390,1967
CID006857359,1968
CID006857362,1969
CID006857365,1970
CID006971042,1971
CID007251182,1972
CID009543026,1973
CID009543037,1974
CID009543049,1975
CID009543152,1976
CID009543169,1977
CID009543204,1978
CID009543219,1979
CID009543293,1980
CID009543294,1981
CID009543296,1982
CID009543331,1983
CID009543332,1984
CID009548587,1985
CID009548602,1986
CID009548877,1987
CID009548880,1988
CID009548884,1989
CID009548885,1990
CID009548886,1991
CID009549319,1992
CID009549320,1993
CID009549326,1994
CID009549328,1995
CID009825434,1996
CID009833951,1997
CID009838394,1998
CID009839084,1999
CID009855795,2000
CID009925873,2001
CID009944000,2002
CID009967418,2003
CID010003607,2004
CID010037499,2005
CID010077584,2006
CID010090750,2007
CID010091038,2008
CID010100825,2009
CID010130220,2010
CID010219885,2011
CID010220406,2012
CID010236635,2013
CID010261389,2014
CID010290858,2015
CID010357552,2016
CID010364451,2017
CID010403174,2018
CID010522005,2019
CID010583108,2020
CID010894570,2021
CID010895555,2022
CID010902296,2023
CID010918995,2024
CID010946654,2025
CID010953718,2026
CID011006912,2027
CID011020241,2028
CID011052747,2029
CID011073781,2030
CID011094749,2031
CID011132720,2032
CID011241545,2033
CID011298145,2034
CID011426583,2035
CID011561034,2036
CID011706915,2037
CID011727586,2038
CID011756356,2039
CID011953794,2040
CID011953815,2041
CID011953856,2042
CID011953875,2043
CID011953882,2044
CID011953957,2045
CID011954010,2046
CID011954011,2047
CID011954042,2048
CID011954043,2049
CID011954051,2050
CID011954053,2051
CID011954059,2052
CID011954069,2053
CID011954070,2054
CID011954072,2055
CID011954073,2056
CID011954196,2057
CID011954197,2058
CID011966110,2059
CID011966111,2060
CID011966119,2061
CID011966120,2062
CID011966122,2063
CID011966123,2064
CID011966124,2065
CID011966125,2066
CID011966126,2067
CID011966128,2068
CID011966129,2069
CID011966132,2070
CID011966145,2071
CID011966146,2072
CID011966155,2073
CID011966158,2074
CID011966160,2075
CID011966162,2076
CID011966163,2077
CID011966165,2078
CID011966166,2079
CID011966169,2080
CID011966171,2081
CID011966172,2082
CID011966173,2083
CID011966175,2084
CID011966177,2085
CID011966179,2086
CID011966188,2087
CID011966190,2088
CID011966192,2089
CID011966194,2090
CID011966197,2091
CID011966204,2092
CID011966205,2093
CID011966206,2094
CID011966216,2095
CID011966220,2096
CID011966267,2097
CID011966300,2098
CID011988266,2099
CID011988267,2100
CID011988279,2101
CID012011795,2102
CID012302184,2103
CID012308755,2104
CID012313974,2105
CID012463319,2106
CID013103864,2107
CID013344694,2108
CID013850222,2109
CID013935024,2110
CID013939876,2111
CID014017685,2112
CID014080393,2113
CID014178745,2114
CID014355861,2115
CID014427002,2116
CID014556929,2117
CID014647097,2118
CID014777879,2119
CID015081546,2120
CID015241070,2121
CID015519422,2122
CID015558498,2123
CID015608168,2124
CID015719509,2125
CID015775275,2126
CID015940185,2127
CID015942885,2128
CID015942888,2129
CID015942889,2130
CID016048618,2131
CID016061034,2132
CID016061072,2133
CID016061579,2134
CID016069659,2135
CID016667385,2136
CID016757114,2137
CID017756767,2138
CID017756769,2139
CID017796835,2140
CID020802017,2141
CID020832874,2142
CID021122601,2143
CID021145112,2144
CID021350391,2145
CID021587070,2146
CID021596453,2147
CID021896400,2148
CID022266650,2149
CID022833608,2150
CID023615403,2151
CID023657843,2152
CID023724458,2153
CID023724459,2154
CID023724461,2155
CID023724466,2156
CID023724469,2157
CID023724475,2158
CID023724484,2159
CID023724514,2160
CID023724516,2161
CID023724518,2162
CID023724544,2163
CID023724571,2164
CID023724575,2165
CID023724579,2166
CID023724581,2167
CID023724582,2168
CID023724583,2169
CID023724584,2170
CID023724585,2171
CID023724586,2172
CID023724590,2173
CID023724591,2174
CID023724592,2175
CID023724593,2176
CID023724594,2177
CID023724596,2178
CID023724597,2179
CID023724601,2180
CID023724602,2181
CID023724604,2182
CID023724606,2183
CID023724607,2184
CID023724672,2185
CID023724728,2186
CID023724748,2187
CID023724749,2188
CID023724755,2189
CID023724769,2190
CID024755534,2191
CID024755535,2192
CID024755558,2193
CID024771766,2194
CID024771808,2195
CID024798714,2196
CID024798720,2197
CID024836902,2198
CID024873746,2199
CID024883423,2200
CID024883454,2201
CID024883456,2202
CID024892715,2203
CID024892716,2204
CID024892719,2205
CID024892720,2206
CID024892721,2207
CID024892725,2208
CID024892729,2209
CID024892737,2210
CID024892738,2211
CID024892739,2212
CID024892770,2213
CID024892797,2214
CID024892812,2215
CID025001002,2216
CID025021177,2217
CID025137843,2218
CID025150860,2219
CID025164091,2220
CID025195379,2221
CID025201122,2222
CID025203496,2223
CID025203718,2224
CID025203873,2225
CID025244915,2226
CID025245127,2227
CID025245907,2228
CID025271599,2229
CID025755601,2230
CID044140569,2231
CID044229075,2232
CID044229078,2233
CID044229222,2234
CID044237185,2235
CID044237218,2236
CID044237280,2237
CID044263831,2238
CID045266867,2239
CID045281255,2240
CID045479615,2241
CID045480622,2242
CID046173085,2243
CID046173135,2244
CID046173191,2245
CID046173244,2246
CID046173703,2247
CID046173705,2248
CID046173710,2249
CID046173741,2250
CID046173745,2251
CID046173785,2252
CID046173788,2253
CID046173796,2254
CID046173804,2255
CID046173877,2256
CID046173938,2257
CID046173940,2258
CID046173948,2259
CID046173984,2260
CID046173985,2261
CID046174034,2262
CID046174047,2263
CID046174065,2264
CID046224536,2265
CID046224539,2266
CID046224544,2267
CID046906047,2268
CID046926111,2269
CID046926144,2270
CID046926226,2271
CID046942369,2272
CID049787000,2273
CID049787007,2274
CID049852422,2275
CID049859611,2276
CID049859699,2277
CID050986116,2278
CID051055215,2279
CID053297335,2280
CID053297338,2281
CID053297366,2282
CID053297369,2283
CID053297413,2284
CID053297444,2285
CID053356704,2286
CID054588960,2287
CID054675756,2288
CID054675768,2289
CID054678503,2290
CID054691343,2291
CID054691348,2292
CID054693777,2293
CID054706138,2294
CID054723871,2295
CID054731235,2296
CID056927715,2297
CID056927728,2298
CID056927739,2299
CID056927810,2300
CID056927904,2301
CID056927909,2302
CID056927910,2303
CID056927911,2304
CID056927946,2305
CID056928001,2306
CID056928006,2307
CID056928012,2308
CID056928013,2309
CID056928014,2310
CID056928068,2311
CID056928117,2312
CID056928122,2313
CID056928123,2314
CID056928129,2315
CID057339263,2316
CID070678705,2317
CID070698354,2318
CID071448889,2319
CID071448890,2320
CID071448891,2321
CID071448892,2322
CID071448894,2323
CID071448895,2324
CID071448900,2325
CID071448903,2326
CID071448924,2327
CID071448968,2328
CID071448969,2329
ENSP00000002165,2330
ENSP00000002596,2331
ENSP00000010404,2332
ENSP00000013034,2333
ENSP00000013222,2334
ENSP00000017003,2335
ENSP00000029410,2336
ENSP00000035307,2337
ENSP00000040663,2338
ENSP00000074304,2339
ENSP00000156626,2340
ENSP00000164139,2341
ENSP00000166534,2342
ENSP00000168216,2343
ENSP00000168977,2344
ENSP00000169298,2345
ENSP00000175506,2346
ENSP00000178638,2347
ENSP00000179259,2348
ENSP00000180173,2349
ENSP00000182377,2350
ENSP00000196061,2351
ENSP00000196371,2352
ENSP00000198801,2353
ENSP00000199936,2354
ENSP00000201586,2355
ENSP00000205402,2356
ENSP00000207870,2357
ENSP00000209668,2358
ENSP00000209929,2359
ENSP00000210444,2360
ENSP00000211122,2361
ENSP00000215567,2362
ENSP00000215780,2363
ENSP00000215862,2364
ENSP00000215885,2365
ENSP00000215904,2366
ENSP00000216075,2367
ENSP00000216117,2368
ENSP00000216180,2369
ENSP00000216254,2370
ENSP00000216259,2371
ENSP00000216264,2372
ENSP00000216271,2373
ENSP00000216392,2374
ENSP00000216410,2375
ENSP00000216452,2376
ENSP00000216484,2377
ENSP00000216780,2378
ENSP00000216862,2379
ENSP00000216962,2380
ENSP00000217426,2381
ENSP00000217455,2382
ENSP00000218006,2383
ENSP00000218516,2384
ENSP00000218758,2385
ENSP00000219054,2386
ENSP00000219240,2387
ENSP00000219302,2388
ENSP00000219334,2389
ENSP00000219479,2390
ENSP00000219700,2391
ENSP00000219789,2392
ENSP00000220244,2393
ENSP00000220562,2394
ENSP00000220584,2395
ENSP00000221130,2396
ENSP00000221307,2397
ENSP00000221403,2398
ENSP00000221476,2399
ENSP00000221700,2400
ENSP00000221730,2401
ENSP00000222002,2402
ENSP00000222214,2403
ENSP00000222286,2404
ENSP00000222381,2405
ENSP00000222382,2406
ENSP00000222553,2407
ENSP00000222572,2408
ENSP00000222673,2409
ENSP00000222725,2410
ENSP00000222982,2411
ENSP00000223026,2412
ENSP00000223114,2413
ENSP00000223122,2414
ENSP00000223127,2415
ENSP00000223366,2416
ENSP00000225276,2417
ENSP00000225371,2418
ENSP00000225573,2419
ENSP00000225609,2420
ENSP00000225614,2421
ENSP00000225740,2422
ENSP00000226253,2423
ENSP00000226279,2424
ENSP00000226299,2425
ENSP00000226444,2426
ENSP00000226840,2427
ENSP00000227495,2428
ENSP00000227756,2429
ENSP00000228027,2430
ENSP00000228476,2431
ENSP00000228510,2432
ENSP00000228606,2433
ENSP00000228740,2434
ENSP00000229266,2435
ENSP00000229277,2436
ENSP00000229319,2437
ENSP00000229329,2438
ENSP00000230036,2439
ENSP00000230053,2440
ENSP00000230792,2441
ENSP00000231420,2442
ENSP00000231887,2443
ENSP00000232375,2444
ENSP00000232607,2445
ENSP00000232892,2446
ENSP00000233627,2447
ENSP00000233710,2448
ENSP00000233714,2449
ENSP00000233838,2450
ENSP00000233840,2451
ENSP00000234111,2452
ENSP00000234454,2453
ENSP00000234590,2454
ENSP00000235628,2455
ENSP00000236959,2456
ENSP00000238618,2457
ENSP00000238651,2458
ENSP00000239231,2459
ENSP00000239891,2460
ENSP00000241052,2461
ENSP00000241337,2462
ENSP00000242375,2463
ENSP00000242592,2464
ENSP00000243052,2465
ENSP00000243501,2466
ENSP00000243776,2467
ENSP00000244007,2468
ENSP00000244043,2469
ENSP00000244217,2470
ENSP00000245206,2471
ENSP00000245222,2472
ENSP00000246166,2473
ENSP00000246337,2474
ENSP00000247194,2475
ENSP00000247933,2476
ENSP00000248041,2477
ENSP00000248923,2478
ENSP00000249005,2479
ENSP00000249042,2480
ENSP00000249750,2481
ENSP00000250018,2482
ENSP00000250535,2483
ENSP00000250615,2484
ENSP00000250974,2485
ENSP00000251363,2486
ENSP00000251473,2487
ENSP00000251535,2488
ENSP00000251566,2489
ENSP00000251810,2490
ENSP00000252029,2491
ENSP00000252318,2492
ENSP00000252505,2493
ENSP00000252599,2494
ENSP00000252675,2495
ENSP00000252804,2496
ENSP00000252945,2497
ENSP00000253004,2498
ENSP00000253063,2499
ENSP00000253778,2500
ENSP00000253792,2501
ENSP00000253799,2502
ENSP00000253801,2503
ENSP00000254035,2504
ENSP00000254090,2505
ENSP00000254190,2506
ENSP00000254235,2507
ENSP00000254521,2508
ENSP00000254663,2509
ENSP00000254759,2510
ENSP00000254854,2511
ENSP00000254908,2512
ENSP00000255084,2513
ENSP00000255189,2514
ENSP00000255192,2515
ENSP00000255266,2516
ENSP00000255389,2517
ENSP00000255688,2518
ENSP00000256593,2519
ENSP00000256594,2520
ENSP00000256720,2521
ENSP00000256722,2522
ENSP00000256997,2523
ENSP00000256999,2524
ENSP00000257549,2525
ENSP00000257694,2526
ENSP00000257770,2527
ENSP00000258052,2528
ENSP00000258168,2529
ENSP00000258415,2530
ENSP00000258662,2531
ENSP00000258711,2532
ENSP00000258873,2533
ENSP00000258874,2534
ENSP00000258884,2535
ENSP00000259056,2536
ENSP00000259271,2537
ENSP00000259407,2538
ENSP00000259486,2539
ENSP00000259727,2540
ENSP00000260386,2541
ENSP00000260402,2542
ENSP00000260508,2543
ENSP00000260585,2544
ENSP00000260600,2545
ENSP00000260682,2546
ENSP00000260985,2547
ENSP00000261170,2548
ENSP00000261195,2549
ENSP00000261208,2550
ENSP00000261292,2551
ENSP00000261296,2552
ENSP00000261304,2553
ENSP00000261326,2554
ENSP00000261374,2555
ENSP00000261381,2556
ENSP00000261407,2557
ENSP00000261416,2558
ENSP00000261483,2559
ENSP00000261507,2560
ENSP00000261534,2561
ENSP00000261596,2562
ENSP00000261643,2563
ENSP00000261733,2564
ENSP00000261755,2565
ENSP00000261783,2566
ENSP00000261875,2567
ENSP00000262027,2568
ENSP00000262030,2569
ENSP00000262033,2570
ENSP00000262039,2571
ENSP00000262134,2572
ENSP00000262290,2573
ENSP00000262340,2574
ENSP00000262374,2575
ENSP00000262430,2576
ENSP00000262554,2577
ENSP00000262607,2578
ENSP00000262623,2579
ENSP00000262644,2580
ENSP00000262746,2581
ENSP00000262764,2582
ENSP00000262890,2583
ENSP00000262915,2584
ENSP00000262992,2585
ENSP00000263035,2586
ENSP00000263080,2587
ENSP00000263088,2588
ENSP00000263093,2589
ENSP00000263182,2590
ENSP00000263321,2591
ENSP00000263368,2592
ENSP00000263370,2593
ENSP00000263556,2594
ENSP00000263702,2595
ENSP00000263774,2596
ENSP00000263967,2597
ENSP00000264005,2598
ENSP00000264027,2599
ENSP00000264029,2600
ENSP00000264057,2601
ENSP00000264093,2602
ENSP00000264167,2603
ENSP00000264170,2604
ENSP00000264220,2605
ENSP00000264228,2606
ENSP00000264380,2607
ENSP00000264382,2608
ENSP00000264409,2609
ENSP00000264424,2610
ENSP00000264595,2611
ENSP00000264613,2612
ENSP00000264705,2613
ENSP00000264735,2614
ENSP00000264775,2615
ENSP00000264864,2616
ENSP00000264914,2617
ENSP00000264917,2618
ENSP00000264932,2619
ENSP00000264968,2620
ENSP00000265000,2621
ENSP00000265012,2622
ENSP00000265016,2623
ENSP00000265022,2624
ENSP00000265174,2625
ENSP00000265276,2626
ENSP00000265322,2627
ENSP00000265382,2628
ENSP00000265395,2629
ENSP00000265403,2630
ENSP00000265462,2631
ENSP00000265471,2632
ENSP00000265498,2633
ENSP00000265512,2634
ENSP00000265523,2635
ENSP00000265594,2636
ENSP00000265605,2637
ENSP00000265627,2638
ENSP00000265641,2639
ENSP00000265689,2640
ENSP00000265838,2641
ENSP00000265896,2642
ENSP00000265970,2643
ENSP00000266031,2644
ENSP00000266095,2645
ENSP00000266383,2646
ENSP00000266483,2647
ENSP00000266505,2648
ENSP00000266517,2649
ENSP00000266712,2650
ENSP00000266736,2651
ENSP00000266971,2652
ENSP00000267085,2653
ENSP00000267436,2654
ENSP00000267584,2655
ENSP00000267615,2656
ENSP00000267814,2657
ENSP00000267842,2658
ENSP00000267845,2659
ENSP00000267978,2660
ENSP00000268053,2661
ENSP00000268097,2662
ENSP00000268129,2663
ENSP00000268251,2664
ENSP00000268261,2665
ENSP00000268695,2666
ENSP00000269097,2667
ENSP00000269159,2668
ENSP00000269195,2669
ENSP00000269298,2670
ENSP00000269582,2671
ENSP00000269848,2672
ENSP00000269980,2673
ENSP00000270593,2674
ENSP00000270776,2675
ENSP00000271620,2676
ENSP00000271688,2677
ENSP00000272065,2678
ENSP00000272117,2679
ENSP00000272167,2680
ENSP00000272252,2681
ENSP00000272425,2682
ENSP00000273398,2683
ENSP00000273550,2684
ENSP00000273588,2685
ENSP00000273814,2686
ENSP00000273920,2687
ENSP00000274192,2688
ENSP00000274278,2689
ENSP00000274353,2690
ENSP00000274793,2691
ENSP00000274813,2692
ENSP00000275016,2693
ENSP00000275428,2694
ENSP00000275605,2695
ENSP00000276055,2696
ENSP00000276651,2697
ENSP00000277517,2698
ENSP00000277865,2699
ENSP00000278353,2700
ENSP00000278618,2701
ENSP00000278840,2702
ENSP00000279230,2703
ENSP00000279263,2704
ENSP00000280097,2705
ENSP00000280346,2706
ENSP00000280362,2707
ENSP00000280605,2708
ENSP00000280701,2709
ENSP00000280704,2710
ENSP00000280706,2711
ENSP00000281243,2712
ENSP00000281455,2713
ENSP00000281923,2714
ENSP00000282096,2715
ENSP00000282276,2716
ENSP00000282507,2717
ENSP00000282538,2718
ENSP00000282541,2719
ENSP00000282841,2720
ENSP00000282903,2721
ENSP00000283415,2722
ENSP00000283646,2723
ENSP00000284061,2724
ENSP00000284110,2725
ENSP00000284116,2726
ENSP00000284382,2727
ENSP00000284562,2728
ENSP00000285093,2729
ENSP00000285379,2730
ENSP00000285381,2731
ENSP00000285518,2732
ENSP00000285599,2733
ENSP00000285930,2734
ENSP00000285979,2735
ENSP00000286063,2736
ENSP00000286355,2737
ENSP00000286479,2738
ENSP00000286955,2739
ENSP00000287394,2740
ENSP00000287713,2741
ENSP00000287936,2742
ENSP00000287996,2743
ENSP00000288014,2744
ENSP00000288078,2745
ENSP00000288490,2746
ENSP00000288532,2747
ENSP00000288988,2748
ENSP00000289119,2749
ENSP00000289153,2750
ENSP00000289416,2751
ENSP00000290349,2752
ENSP00000290354,2753
ENSP00000290429,2754
ENSP00000290472,2755
ENSP00000290573,2756
ENSP00000290597,2757
ENSP00000290765,2758
ENSP00000291539,2759
ENSP00000291565,2760
ENSP00000291572,2761
ENSP00000291670,2762
ENSP00000292147,2763
ENSP00000292180,2764
ENSP00000292427,2765
ENSP00000292432,2766
ENSP00000292596,2767
ENSP00000292823,2768
ENSP00000293217,2769
ENSP00000293404,2770
ENSP00000293761,2771
ENSP00000294016,2772
ENSP00000294053,2773
ENSP00000294064,2774
ENSP00000294973,2775
ENSP00000295256,2776
ENSP00000295266,2777
ENSP00000295304,2778
ENSP00000295448,2779
ENSP00000295453,2780
ENSP00000295463,2781
ENSP00000295571,2782
ENSP00000295588,2783
ENSP00000295770,2784
ENSP00000295802,2785
ENSP00000295887,2786
ENSP00000295962,2787
ENSP00000296412,2788
ENSP00000296424,2789
ENSP00000296486,2790
ENSP00000296518,2791
ENSP00000297107,2792
ENSP00000297283,2793
ENSP00000297323,2794
ENSP00000297494,2795
ENSP00000297679,2796
ENSP00000297785,2797
ENSP00000298198,2798
ENSP00000298229,2799
ENSP00000298248,2800
ENSP00000298510,2801
ENSP00000298545,2802
ENSP00000298556,2803
ENSP00000299022,2804
ENSP00000299198,2805
ENSP00000299498,2806
ENSP00000299518,2807
ENSP00000299626,2808
ENSP00000299964,2809
ENSP00000300051,2810
ENSP00000300060,2811
ENSP00000300283,2812
ENSP00000300441,2813
ENSP00000300738,2814
ENSP00000300900,2815
ENSP00000301012,2816
ENSP00000301149,2817
ENSP00000301452,2818
ENSP00000301466,2819
ENSP00000301522,2820
ENSP00000301634,2821
ENSP00000301645,2822
ENSP00000301729,2823
ENSP00000301776,2824
ENSP00000301790,2825
ENSP00000301825,2826
ENSP00000301956,2827
ENSP00000302108,2828
ENSP00000302177,2829
ENSP00000302227,2830
ENSP00000302393,2831
ENSP00000302441,2832
ENSP00000302620,2833
ENSP00000302629,2834
ENSP00000302728,2835
ENSP00000303077,2836
ENSP00000303147,2837
ENSP00000303174,2838
ENSP00000303211,2839
ENSP00000303246,2840
ENSP00000303356,2841
ENSP00000303423,2842
ENSP00000303575,2843
ENSP00000304736,2844
ENSP00000304782,2845
ENSP00000304802,2846
ENSP00000304811,2847
ENSP00000304845,2848
ENSP00000305221,2849
ENSP00000305595,2850
ENSP00000305603,2851
ENSP00000305692,2852
ENSP00000305725,2853
ENSP00000305995,2854
ENSP00000306397,2855
ENSP00000306459,2856
ENSP00000306606,2857
ENSP00000306817,2858
ENSP00000306920,2859
ENSP00000307126,2860
ENSP00000307188,2861
ENSP00000307241,2862
ENSP00000307252,2863
ENSP00000307423,2864
ENSP00000307607,2865
ENSP00000307674,2866
ENSP00000307697,2867
ENSP00000307875,2868
ENSP00000307900,2869
ENSP00000307971,2870
ENSP00000308032,2871
ENSP00000308107,2872
ENSP00000308258,2873
ENSP00000308610,2874
ENSP00000309092,2875
ENSP00000309259,2876
ENSP00000309270,2877
ENSP00000309463,2878
ENSP00000309477,2879
ENSP00000310120,2880
ENSP00000310447,2881
ENSP00000310551,2882
ENSP00000310661,2883
ENSP00000310721,2884
ENSP00000311095,2885
ENSP00000311224,2886
ENSP00000311405,2887
ENSP00000311453,2888
ENSP00000311469,2889
ENSP00000311876,2890
ENSP00000311888,2891
ENSP00000312126,2892
ENSP00000312189,2893
ENSP00000312250,2894
ENSP00000312286,2895
ENSP00000312304,2896
ENSP00000312326,2897
ENSP00000312606,2898
ENSP00000313377,2899
ENSP00000313432,2900
ENSP00000313490,2901
ENSP00000313681,2902
ENSP00000313691,2903
ENSP00000314036,2904
ENSP00000314099,2905
ENSP00000314508,2906
ENSP00000314649,2907
ENSP00000315644,2908
ENSP00000315774,2909
ENSP00000315931,2910
ENSP00000316173,2911
ENSP00000316329,2912
ENSP00000316339,2913
ENSP00000316476,2914
ENSP00000316924,2915
ENSP00000317027,2916
ENSP00000317300,2917
ENSP00000317379,2918
ENSP00000317404,2919
ENSP00000317842,2920
ENSP00000317904,2921
ENSP00000318066,2922
ENSP00000318147,2923
ENSP00000318351,2924
ENSP00000318631,2925
ENSP00000318852,2926
ENSP00000318867,2927
ENSP00000318868,2928
ENSP00000318912,2929
ENSP00000319170,2930
ENSP00000319343,2931
ENSP00000319501,2932
ENSP00000319636,2933
ENSP00000319788,2934
ENSP00000319814,2935
ENSP00000319851,2936
ENSP00000320171,2937
ENSP00000320337,2938
ENSP00000320401,2939
ENSP00000320965,2940
ENSP00000321038,2941
ENSP00000321070,2942
ENSP00000321259,2943
ENSP00000321584,2944
ENSP00000321810,2945
ENSP00000321821,2946
ENSP00000321874,2947
ENSP00000322276,2948
ENSP00000322300,2949
ENSP00000322450,2950
ENSP00000322524,2951
ENSP00000322706,2952
ENSP00000322991,2953
ENSP00000323036,2954
ENSP00000323071,2955
ENSP00000323479,2956
ENSP00000324105,2957
ENSP00000324343,2958
ENSP00000324842,2959
ENSP00000325136,2960
ENSP00000325485,2961
ENSP00000325548,2962
ENSP00000325822,2963
ENSP00000325958,2964
ENSP00000326219,2965
ENSP00000326227,2966
ENSP00000326424,2967
ENSP00000326579,2968
ENSP00000327070,2969
ENSP00000327251,2970
ENSP00000327268,2971
ENSP00000327453,2972
ENSP00000327557,2973
ENSP00000327589,2974
ENSP00000327916,2975
ENSP00000328277,2976
ENSP00000328405,2977
ENSP00000328858,2978
ENSP00000329093,2979
ENSP00000329214,2980
ENSP00000329654,2981
ENSP00000329697,2982
ENSP00000330032,2983
ENSP00000330442,2984
ENSP00000330484,2985
ENSP00000330606,2986
ENSP00000330721,2987
ENSP00000331258,2988
ENSP00000331897,2989
ENSP00000332116,2990
ENSP00000332170,2991
ENSP00000332256,2992
ENSP00000332656,2993
ENSP00000332679,2994
ENSP00000333019,2995
ENSP00000333142,2996
ENSP00000333212,2997
ENSP00000333310,2998
ENSP00000333490,2999
ENSP00000333534,3000
ENSP00000333664,3001
ENSP00000333666,3002
ENSP00000333667,3003
ENSP00000333813,3004
ENSP00000333947,3005
ENSP00000334128,3006
ENSP00000334246,3007
ENSP00000334276,3008
ENSP00000334910,3009
ENSP00000335246,3010
ENSP00000335261,3011
ENSP00000335304,3012
ENSP00000335333,3013
ENSP00000335620,3014
ENSP00000336729,3015
ENSP00000337103,3016
ENSP00000337224,3017
ENSP00000337354,3018
ENSP00000337450,3019
ENSP00000337463,3020
ENSP00000337572,3021
ENSP00000337701,3022
ENSP00000337854,3023
ENSP00000337972,3024
ENSP00000338185,3025
ENSP00000338387,3026
ENSP00000338487,3027
ENSP00000338703,3028
ENSP00000338964,3029
ENSP00000339016,3030
ENSP00000339479,3031
ENSP00000339613,3032
ENSP00000339787,3033
ENSP00000339933,3034
ENSP00000340200,3035
ENSP00000340296,3036
ENSP00000340466,3037
ENSP00000340523,3038
ENSP00000340684,3039
ENSP00000341045,3040
ENSP00000341083,3041
ENSP00000341117,3042
ENSP00000341562,3043
ENSP00000341828,3044
ENSP00000342007,3045
ENSP00000342026,3046
ENSP00000342032,3047
ENSP00000342056,3048
ENSP00000342385,3049
ENSP00000342502,3050
ENSP00000342557,3051
ENSP00000342609,3052
ENSP00000342793,3053
ENSP00000342952,3054
ENSP00000343190,3055
ENSP00000343234,3056
ENSP00000343552,3057
ENSP00000343657,3058
ENSP00000343838,3059
ENSP00000343885,3060
ENSP00000343943,3061
ENSP00000344125,3062
ENSP00000344260,3063
ENSP00000345023,3064
ENSP00000345096,3065
ENSP00000345270,3066
ENSP00000345282,3067
ENSP00000345341,3068
ENSP00000345477,3069
ENSP00000345555,3070
ENSP00000345659,3071
ENSP00000345752,3072
ENSP00000345774,3073
ENSP00000345849,3074
ENSP00000345988,3075
ENSP00000346103,3076
ENSP00000346155,3077
ENSP00000346577,3078
ENSP00000346643,3079
ENSP00000346693,3080
ENSP00000346768,3081
ENSP00000346827,3082
ENSP00000346874,3083
ENSP00000346901,3084
ENSP00000346921,3085
ENSP00000347032,3086
ENSP00000347046,3087
ENSP00000347324,3088
ENSP00000347717,3089
ENSP00000347792,3090
ENSP00000348234,3091
ENSP00000348429,3092
ENSP00000348645,3093
ENSP00000348668,3094
ENSP00000348762,3095
ENSP00000348775,3096
ENSP00000348901,3097
ENSP00000348959,3098
ENSP00000349078,3099
ENSP00000349490,3100
ENSP00000349576,3101
ENSP00000349577,3102
ENSP00000350012,3103
ENSP00000350136,3104
ENSP00000350265,3105
ENSP00000350387,3106
ENSP00000350928,3107
ENSP00000351035,3108
ENSP00000351520,3109
ENSP00000351682,3110
ENSP00000351706,3111
ENSP00000351957,3112
ENSP00000352121,3113
ENSP00000352144,3114
ENSP00000352222,3115
ENSP00000352547,3116
ENSP00000352575,3117
ENSP00000352706,3118
ENSP00000352782,3119
ENSP00000352904,3120
ENSP00000352962,3121
ENSP00000353104,3122
ENSP00000353165,3123
ENSP00000353655,3124
ENSP00000353720,3125
ENSP00000353910,3126
ENSP00000353998,3127
ENSP00000354193,3128
ENSP00000354213,3129
ENSP00000354347,3130
ENSP00000354387,3131
ENSP00000354499,3132
ENSP00000354511,3133
ENSP00000354532,3134
ENSP00000354581,3135
ENSP00000354612,3136
ENSP00000354665,3137
ENSP00000354677,3138
ENSP00000354687,3139
ENSP00000354728,3140
ENSP00000354813,3141
ENSP00000354960,3142
ENSP00000354961,3143
ENSP00000355046,3144
ENSP00000355084,3145
ENSP00000355206,3146
ENSP00000355273,3147
ENSP00000355308,3148
ENSP00000355493,3149
ENSP00000355518,3150
ENSP00000355536,3151
ENSP00000355559,3152
ENSP00000355587,3153
ENSP00000355607,3154
ENSP00000355632,3155
ENSP00000355890,3156
ENSP00000356015,3157
ENSP00000356047,3158
ENSP00000356155,3159
ENSP00000356170,3160
ENSP00000356218,3161
ENSP00000356290,3162
ENSP00000356404,3163
ENSP00000356436,3164
ENSP00000356438,3165
ENSP00000356591,3166
ENSP00000356723,3167
ENSP00000356729,3168
ENSP00000356785,3169
ENSP00000356825,3170
ENSP00000356853,3171
ENSP00000356859,3172
ENSP00000356903,3173
ENSP00000356905,3174
ENSP00000356972,3175
ENSP00000357066,3176
ENSP00000357452,3177
ENSP00000357453,3178
ENSP00000357480,3179
ENSP00000357535,3180
ENSP00000357583,3181
ENSP00000357669,3182
ENSP00000357775,3183
ENSP00000357804,3184
ENSP00000357807,3185
ENSP00000357835,3186
ENSP00000357861,3187
ENSP00000357880,3188
ENSP00000357882,3189
ENSP00000357883,3190
ENSP00000357920,3191
ENSP00000358033,3192
ENSP00000358107,3193
ENSP00000358223,3194
ENSP00000358232,3195
ENSP00000358414,3196
ENSP00000358421,3197
ENSP00000358424,3198
ENSP00000358695,3199
ENSP00000358719,3200
ENSP00000358727,3201
ENSP00000358831,3202
ENSP00000358851,3203
ENSP00000358903,3204
ENSP00000358931,3205
ENSP00000359022,3206
ENSP00000359096,3207
ENSP00000359100,3208
ENSP00000359131,3209
ENSP00000359151,3210
ENSP00000359204,3211
ENSP00000359211,3212
ENSP00000359297,3213
ENSP00000359380,3214
ENSP00000359417,3215
ENSP00000359423,3216
ENSP00000359539,3217
ENSP00000359665,3218
ENSP00000359680,3219
ENSP00000359991,3220
ENSP00000359998,3221
ENSP00000360154,3222
ENSP00000360268,3223
ENSP00000360316,3224
ENSP00000360317,3225
ENSP00000360366,3226
ENSP00000360372,3227
ENSP00000360502,3228
ENSP00000360541,3229
ENSP00000360561,3230
ENSP00000360569,3231
ENSP00000360644,3232
ENSP00000360645,3233
ENSP00000360687,3234
ENSP00000360688,3235
ENSP00000360761,3236
ENSP00000360776,3237
ENSP00000360777,3238
ENSP00000360918,3239
ENSP00000360938,3240
ENSP00000360958,3241
ENSP00000360968,3242
ENSP00000360991,3243
ENSP00000361021,3244
ENSP00000361064,3245
ENSP00000361289,3246
ENSP00000361302,3247
ENSP00000361512,3248
ENSP00000361536,3249
ENSP00000361667,3250
ENSP00000361699,3251
ENSP00000361845,3252
ENSP00000361894,3253
ENSP00000361914,3254
ENSP00000362115,3255
ENSP00000362207,3256
ENSP00000362249,3257
ENSP00000362298,3258
ENSP00000362329,3259
ENSP00000362344,3260
ENSP00000362354,3261
ENSP00000362413,3262
ENSP00000362463,3263
ENSP00000362508,3264
ENSP00000362513,3265
ENSP00000362525,3266
ENSP00000362549,3267
ENSP00000362824,3268
ENSP00000362888,3269
ENSP00000363046,3270
ENSP00000363205,3271
ENSP00000363397,3272
ENSP00000363400,3273
ENSP00000363452,3274
ENSP00000363512,3275
ENSP00000363590,3276
ENSP00000363603,3277
ENSP00000363614,3278
ENSP00000363645,3279
ENSP00000363794,3280
ENSP00000363832,3281
ENSP00000363965,3282
ENSP00000364145,3283
ENSP00000364150,3284
ENSP00000364243,3285
ENSP00000364246,3286
ENSP00000364249,3287
ENSP00000364252,3288
ENSP00000364257,3289
ENSP00000364412,3290
ENSP00000364475,3291
ENSP00000364486,3292
ENSP00000364512,3293
ENSP00000364649,3294
ENSP00000364782,3295
ENSP00000364883,3296
ENSP00000364902,3297
ENSP00000364986,3298
ENSP00000365172,3299
ENSP00000365388,3300
ENSP00000365462,3301
ENSP00000365693,3302
ENSP00000365725,3303
ENSP00000365757,3304
ENSP00000365773,3305
ENSP00000365775,3306
ENSP00000365840,3307
ENSP00000365920,3308
ENSP00000366030,3309
ENSP00000366156,3310
ENSP00000366240,3311
ENSP00000366563,3312
ENSP00000366620,3313
ENSP00000366662,3314
ENSP00000366682,3315
ENSP00000366927,3316
ENSP00000367086,3317
ENSP00000367309,3318
ENSP00000367343,3319
ENSP00000367446,3320
ENSP00000367462,3321
ENSP00000367608,3322
ENSP00000367727,3323
ENSP00000367747,3324
ENSP00000367893,3325
ENSP00000367992,3326
ENSP00000368066,3327
ENSP00000368119,3328
ENSP00000368140,3329
ENSP00000368226,3330
ENSP00000368305,3331
ENSP00000368439,3332
ENSP00000368496,3333
ENSP00000368572,3334
ENSP00000368646,3335
ENSP00000369050,3336
ENSP00000369055,3337
ENSP00000369099,3338
ENSP00000369100,3339
ENSP00000369442,3340
ENSP00000369456,3341
ENSP00000369530,3342
ENSP00000369820,3343
ENSP00000369927,3344
ENSP00000370023,3345
ENSP00000370129,3346
ENSP00000370194,3347
ENSP00000370254,3348
ENSP00000370430,3349
ENSP00000370517,3350
ENSP00000370571,3351
ENSP00000370639,3352
ENSP00000370718,3353
ENSP00000370737,3354
ENSP00000370748,3355
ENSP00000371152,3356
ENSP00000371221,3357
ENSP00000371230,3358
ENSP00000371236,3359
ENSP00000371393,3360
ENSP00000372112,3361
ENSP00000373153,3362
ENSP00000373399,3363
ENSP00000373477,3364
ENSP00000373640,3365
ENSP00000373860,3366
ENSP00000374265,3367
ENSP00000375748,3368
ENSP00000375881,3369
ENSP00000376372,3370
ENSP00000376465,3371
ENSP00000376472,3372
ENSP00000376570,3373
ENSP00000376776,3374
ENSP00000376886,3375
ENSP00000377040,3376
ENSP00000377083,3377
ENSP00000377192,3378
ENSP00000377303,3379
ENSP00000377446,3380
ENSP00000377617,3381
ENSP00000377696,3382
ENSP00000378161,3383
ENSP00000378359,3384
ENSP00000378408,3385
ENSP00000378426,3386
ENSP00000378782,3387
ENSP00000378890,3388
ENSP00000378897,3389
ENSP00000379108,3390
ENSP00000379282,3391
ENSP00000379353,3392
ENSP00000379680,3393
ENSP00000379839,3394
ENSP00000379895,3395
ENSP00000380184,3396
ENSP00000380488,3397
ENSP00000380514,3398
ENSP00000380793,3399
ENSP00000381206,3400
ENSP00000381302,3401
ENSP00000381340,3402
ENSP00000381504,3403
ENSP00000381607,3404
ENSP00000381654,3405
ENSP00000381968,3406
ENSP00000382260,3407
ENSP00000382349,3408
ENSP00000382595,3409
ENSP00000384400,3410
ENSP00000384534,3411
ENSP00000384651,3412
ENSP00000385478,3413
ENSP00000385746,3414
ENSP00000386284,3415
ENSP00000387019,3416
ENSP00000387123,3417
ENSP00000387654,3418
ENSP00000388631,3419
ENSP00000389175,3420
ENSP00000390784,3421
ENSP00000391227,3422
ENSP00000392398,3423
ENSP00000392553,3424
ENSP00000392762,3425
ENSP00000392859,3426
ENSP00000393847,3427
ENSP00000395473,3428
ENSP00000396045,3429
ENSP00000401508,3430
ENSP00000402608,3431
ENSP00000403536,3432
ENSP00000406157,3433
ENSP00000406674,3434
ENSP00000406909,3435
ENSP00000407375,3436
ENSP00000408526,3437
ENSP00000409612,3438
ENSP00000410833,3439
ENSP00000412189,3440
ENSP00000414330,3441
ENSP00000416583,3442
ENSP00000417764,3443
ENSP00000418001,3444
ENSP00000418532,3445
ENSP00000419361,3446
ENSP00000419628,3447
ENSP00000419851,3448
ENSP00000419879,3449
ENSP00000420037,3450
ENSP00000420168,3451
ENSP00000420295,3452
ENSP00000420449,3453
